{
    "dict": 4.010001066490076e-06,
    "list": 0.1909033299998555,
    "set": 3.1400002626469357e-06,
    "tuple": 0.7375275600003078,
    "namedTuple": 1.813826729998982,
    "deque": 0.19962569000017538,
    "chainMap": 9.440000212634914e-06,
    "counter": 4.090000220458023e-06,
    "defaultDict": 2.0899995433865113e-06,
    "orderedDict": 2.450000465614721e-06,
    "userDict": 2.0700004824902863e-06,
    "userList": 0.19151606000014
}