{
    "dict": 3.0599996534874664e-06,
    "list": 0.14012503000030846,
    "set": 2.7800007956102492e-06,
    "tuple": 0.12438416999957554,
    "namedTuple": 0.5240265599999475,
    "deque": 0.1501483599999119,
    "chainMap": 1.0830000246642157e-05,
    "counter": 3.410000317671802e-06,
    "defaultDict": 2.699999822652899e-06,
    "orderedDict": 2.5499997718725353e-06,
    "userDict": 2.1400001060101204e-06,
    "userList": 0.14192124999990482
}