{
    "dict": 0.528928709999309,
    "list": 0.15592461999913212,
    "set": 0.25597276000262353,
    "tuple": 0.018554910000239032,
    "namedTuple": 1.6982083199989575,
    "deque": 0.14441465000199968,
    "chainMap": 0.7605230499997561,
    "counter": 0.6633541399998648,
    "defaultDict": 0.5407240900014585,
    "orderedDict": 0.6715252099995268,
    "userDict": 0.5314572600000247,
    "userList": 0.158095640000829
}